[
  {
    "id": "Difference",
    "data": [
      {
        "x": 1,
        "y": -8
      },
      {
        "x": 2,
        "y": 21
      },
      {
        "x": 3,
        "y": -15
      },
      {
        "x": 4,
        "y": -35
      },
      {
        "x": 5,
        "y": 42
      },
      {
        "x": 6,
        "y": -7
      },
      {
        "x": 7,
        "y": -97
      },
      {
        "x": 8,
        "y": 77
      },
      {
        "x": 9,
        "y": -3
      },
      {
        "x": 10,
        "y": -8
      },
      {
        "x": 11,
        "y": 78
      },
      {
        "x": 12,
        "y": 63
      },
      {
        "x": 13,
        "y": 50
      },
      {
        "x": 14,
        "y": 60
      },
      {
        "x": 15,
        "y": 53
      },
      {
        "x": 16,
        "y": -56
      },
      {
        "x": 17,
        "y": 80
      },
      {
        "x": 18,
        "y": -86
      },
      {
        "x": 19,
        "y": 100
      },
      {
        "x": 20,
        "y": 54
      },
      {
        "x": 21,
        "y": -27
      },
      {
        "x": 22,
        "y": -46
      },
      {
        "x": 23,
        "y": 58
      },
      {
        "x": 24,
        "y": -36
      },
      {
        "x": 25,
        "y": -15
      }
    ]
  }
]