﻿{
    "id": "tocsy-2d",
    "data": [
        {
            "y": 8.744,
            "x": 4.818
        },
        {
            "y": 8.459,
            "x": 4.826
        },
        {
            "y": 8.36,
            "x": 8.373
        },
        {
            "y": 8.347,
            "x": 8.351
        },
        {
            "y": 8.245,
            "x": 4.824
        },
        {
            "y": 8.239,
            "x": 8.243
        },
        {
            "y": 8.049,
            "x": 4.819
        },
        {
            "y": 7.893,
            "x": 4.818
        },
        {
            "y": 7.891,
            "x": 4.789
        },
        {
            "y": 7.555,
            "x": 4.795
        },
        {
            "y": 7.4,
            "x": 4.819
        },
        {
            "y": 7.125,
            "x": 4.819
        },
        {
            "y": 6.853,
            "x": 4.819
        },
        {
            "y": 6.7,
            "x": 4.817
        },
        {
            "y": 6.675,
            "x": 4.83
        },
        {
            "y": 6.577,
            "x": 4.819
        },
        {
            "y": 6.356,
            "x": 4.823
        },
        {
            "y": 6.223,
            "x": 4.819
        },
        {
            "y": 6.133,
            "x": 4.82
        },
        {
            "y": 6.071,
            "x": 6.076
        },
        {
            "y": 6.048,
            "x": 4.856
        },
        {
            "y": 5.999,
            "x": 4.959
        },
        {
            "y": 5.998,
            "x": 4.818
        },
        {
            "y": 5.998,
            "x": 4.941
        },
        {
            "y": 5.768,
            "x": 5.14
        },
        {
            "y": 5.767,
            "x": 5.059
        },
        {
            "y": 5.767,
            "x": 5.213
        },
        {
            "y": 5.766,
            "x": 4.954
        },
        {
            "y": 5.766,
            "x": 4.972
        },
        {
            "y": 5.766,
            "x": 5.022
        },
        {
            "y": 5.766,
            "x": 5.079
        },
        {
            "y": 5.766,
            "x": 5.108
        },
        {
            "y": 5.766,
            "x": 5.16
        },
        {
            "y": 5.765,
            "x": 4.819
        },
        {
            "y": 5.765,
            "x": 5.241
        },
        {
            "y": 5.684,
            "x": 3.808
        },
        {
            "y": 5.684,
            "x": 4.076
        },
        {
            "y": 5.684,
            "x": 4.114
        },
        {
            "y": 5.684,
            "x": 4.55
        },
        {
            "y": 5.683,
            "x": 4.173
        },
        {
            "y": 5.683,
            "x": 4.249
        },
        {
            "y": 5.683,
            "x": 4.313
        },
        {
            "y": 5.683,
            "x": 4.356
        },
        {
            "y": 5.683,
            "x": 4.449
        },
        {
            "y": 5.682,
            "x": 3.974
        },
        {
            "y": 5.682,
            "x": 4.193
        },
        {
            "y": 5.682,
            "x": 4.225
        },
        {
            "y": 5.682,
            "x": 4.374
        },
        {
            "y": 5.682,
            "x": 4.41
        },
        {
            "y": 5.682,
            "x": 4.604
        },
        {
            "y": 5.681,
            "x": 4.015
        },
        {
            "y": 5.681,
            "x": 4.471
        },
        {
            "y": 5.681,
            "x": 4.512
        },
        {
            "y": 5.681,
            "x": 4.801
        },
        {
            "y": 5.68,
            "x": 4.138
        },
        {
            "y": 5.68,
            "x": 4.338
        },
        {
            "y": 5.679,
            "x": 4.035
        },
        {
            "y": 5.678,
            "x": 3.902
        },
        {
            "y": 5.415,
            "x": 4.658
        },
        {
            "y": 5.312,
            "x": 4.799
        },
        {
            "y": 5.286,
            "x": 4.707
        },
        {
            "y": 5.128,
            "x": 4.501
        },
        {
            "y": 5.128,
            "x": 4.584
        },
        {
            "y": 5.127,
            "x": 4.691
        },
        {
            "y": 5.126,
            "x": 4.562
        },
        {
            "y": 5.123,
            "x": 4.544
        },
        {
            "y": 5.122,
            "x": 4.656
        },
        {
            "y": 5.119,
            "x": 4.633
        },
        {
            "y": 5.037,
            "x": 4.824
        },
        {
            "y": 4.86,
            "x": 6.075
        },
        {
            "y": 4.852,
            "x": 4.424
        },
        {
            "y": 4.808,
            "x": 4.683
        },
        {
            "y": 4.806,
            "x": 4.784
        },
        {
            "y": 4.805,
            "x": 4.762
        },
        {
            "y": 4.805,
            "x": 4.772
        },
        {
            "y": 4.801,
            "x": 4.806
        },
        {
            "y": 4.568,
            "x": 4.582
        },
        {
            "y": 4.568,
            "x": 4.651
        },
        {
            "y": 4.567,
            "x": 4.674
        },
        {
            "y": 4.567,
            "x": 4.687
        },
        {
            "y": 4.566,
            "x": 4.566
        },
        {
            "y": 4.566,
            "x": 4.618
        },
        {
            "y": 4.486,
            "x": 5.494
        },
        {
            "y": 4.484,
            "x": 5.177
        },
        {
            "y": 4.484,
            "x": 5.198
        },
        {
            "y": 4.484,
            "x": 5.229
        },
        {
            "y": 4.483,
            "x": 5.08
        },
        {
            "y": 4.483,
            "x": 5.27
        },
        {
            "y": 4.483,
            "x": 5.449
        },
        {
            "y": 4.483,
            "x": 5.542
        },
        {
            "y": 4.482,
            "x": 5.013
        },
        {
            "y": 4.482,
            "x": 5.151
        },
        {
            "y": 4.482,
            "x": 5.316
        },
        {
            "y": 4.482,
            "x": 5.358
        },
        {
            "y": 4.481,
            "x": 4.819
        },
        {
            "y": 4.481,
            "x": 5.119
        },
        {
            "y": 4.481,
            "x": 5.4
        },
        {
            "y": 4.48,
            "x": 5.382
        },
        {
            "y": 4.48,
            "x": 5.469
        },
        {
            "y": 4.479,
            "x": 5.436
        },
        {
            "y": 4.422,
            "x": 6.076
        },
        {
            "y": 4.338,
            "x": 3.045
        },
        {
            "y": 4.327,
            "x": 4.336
        },
        {
            "y": 4.215,
            "x": 4.886
        },
        {
            "y": 4.212,
            "x": 4.814
        },
        {
            "y": 4.208,
            "x": 4.906
        },
        {
            "y": 4.078,
            "x": 4.813
        },
        {
            "y": 3.909,
            "x": 4.794
        },
        {
            "y": 3.868,
            "x": 4.818
        },
        {
            "y": 3.8,
            "x": 2.684
        },
        {
            "y": 3.798,
            "x": 3.788
        },
        {
            "y": 3.795,
            "x": 3.802
        },
        {
            "y": 3.795,
            "x": 3.819
        },
        {
            "y": 3.763,
            "x": 4.818
        },
        {
            "y": 3.705,
            "x": 3.706
        },
        {
            "y": 3.661,
            "x": 4.789
        },
        {
            "y": 3.638,
            "x": 4.817
        },
        {
            "y": 3.494,
            "x": 4.808
        },
        {
            "y": 3.416,
            "x": 4.817
        },
        {
            "y": 3.309,
            "x": 4.804
        },
        {
            "y": 3.202,
            "x": 4.814
        },
        {
            "y": 3.076,
            "x": 4.813
        },
        {
            "y": 3.022,
            "x": 3.044
        },
        {
            "y": 3.019,
            "x": 2.948
        },
        {
            "y": 3.018,
            "x": 2.998
        },
        {
            "y": 3.002,
            "x": 2.983
        },
        {
            "y": 2.995,
            "x": 4.423
        },
        {
            "y": 2.993,
            "x": 4.336
        },
        {
            "y": 2.965,
            "x": 4.801
        },
        {
            "y": 2.893,
            "x": 4.813
        },
        {
            "y": 2.746,
            "x": 4.813
        },
        {
            "y": 2.682,
            "x": 2.072
        },
        {
            "y": 2.678,
            "x": 2.091
        },
        {
            "y": 2.678,
            "x": 3.803
        },
        {
            "y": 2.676,
            "x": 2.702
        },
        {
            "y": 2.675,
            "x": 2.666
        },
        {
            "y": 2.675,
            "x": 2.684
        },
        {
            "y": 2.639,
            "x": 4.789
        },
        {
            "y": 2.504,
            "x": 4.814
        },
        {
            "y": 2.357,
            "x": 4.818
        },
        {
            "y": 2.304,
            "x": 4.797
        },
        {
            "y": 2.201,
            "x": 4.809
        },
        {
            "y": 2.149,
            "x": 4.809
        },
        {
            "y": 2.112,
            "x": 2.156
        },
        {
            "y": 2.109,
            "x": 2.137
        },
        {
            "y": 2.101,
            "x": 2.119
        },
        {
            "y": 2.096,
            "x": 2.684
        },
        {
            "y": 2.092,
            "x": 2.09
        },
        {
            "y": 2.092,
            "x": 2.665
        },
        {
            "y": 2.084,
            "x": 2.071
        },
        {
            "y": 2.077,
            "x": 3.802
        },
        {
            "y": 1.996,
            "x": 4.805
        },
        {
            "y": 1.925,
            "x": 4.824
        },
        {
            "y": 1.779,
            "x": 4.807
        },
        {
            "y": 1.586,
            "x": 4.807
        },
        {
            "y": 1.431,
            "x": 4.79
        },
        {
            "y": 1.387,
            "x": 4.824
        }
    ]
}
